image,label
img_0000.png,89
img_0001.png,63
img_0002.png,99
img_0003.png,49
img_0004.png,51
img_0005.png,118
img_0006.png,107
img_0007.png,6
img_0008.png,120
img_0009.png,62
img_0010.png,18
img_0011.png,26
img_0012.png,77
img_0013.png,116
img_0014.png,100
img_0015.png,103
img_0016.png,8
img_0017.png,30
img_0018.png,108
img_0019.png,18
img_0020.png,98
img_0021.png,117
img_0022.png,77
img_0023.png,56
img_0024.png,40
img_0025.png,45
img_0026.png,35
img_0027.png,42
img_0028.png,71
img_0029.png,36
img_0030.png,48
img_0031.png,79
img_0032.png,101
img_0033.png,99
img_0034.png,111
img_0035.png,38
img_0036.png,113
img_0037.png,92
img_0038.png,116
img_0039.png,67
img_0040.png,43
img_0041.png,62
img_0042.png,41
img_0043.png,124
img_0044.png,53
img_0045.png,35
img_0046.png,31
img_0047.png,48
img_0048.png,34
img_0049.png,95
img_0050.png,49
img_0051.png,16
img_0052.png,31
img_0053.png,89
img_0054.png,35
img_0055.png,2
img_0056.png,65
img_0057.png,121
img_0058.png,124
img_0059.png,61
img_0060.png,47
img_0061.png,46
img_0062.png,74
img_0063.png,35
img_0064.png,96
img_0065.png,66
img_0066.png,97
img_0067.png,7
img_0068.png,107
img_0069.png,88
img_0070.png,123
img_0071.png,110
img_0072.png,124
img_0073.png,6
img_0074.png,36
img_0075.png,99
img_0076.png,77
img_0077.png,119
img_0078.png,22
img_0079.png,18
img_0080.png,96
img_0081.png,63
img_0082.png,62
img_0083.png,66
img_0084.png,104
img_0085.png,101
img_0086.png,50
img_0087.png,7
img_0088.png,28
img_0089.png,100
img_0090.png,123
img_0091.png,19
img_0092.png,18
img_0093.png,68
img_0094.png,93
img_0095.png,18
img_0096.png,109
img_0097.png,86
img_0098.png,21
img_0099.png,47
img_0100.png,72
img_0101.png,96
img_0102.png,4
img_0103.png,124
img_0104.png,67
img_0105.png,15
img_0106.png,123
img_0107.png,61
img_0108.png,58
img_0109.png,19
img_0110.png,82
img_0111.png,121
img_0112.png,118
img_0113.png,104
img_0114.png,76
img_0115.png,18
img_0116.png,101
img_0117.png,122
img_0118.png,76
img_0119.png,41
img_0120.png,116
img_0121.png,67
img_0122.png,78
img_0123.png,40
img_0124.png,82
img_0125.png,40
img_0126.png,60
img_0127.png,6
img_0128.png,10
img_0129.png,31
img_0130.png,14
img_0131.png,36
img_0132.png,87
img_0133.png,52
img_0134.png,120
img_0135.png,101
img_0136.png,92
img_0137.png,57
img_0138.png,106
img_0139.png,58
img_0140.png,64
img_0141.png,66
img_0142.png,109
img_0143.png,1
img_0144.png,36
img_0145.png,37
img_0146.png,41
img_0147.png,84
img_0148.png,89
img_0149.png,2
img_0150.png,101
img_0151.png,43
img_0152.png,93
img_0153.png,21
img_0154.png,46
img_0155.png,29
img_0156.png,21
img_0157.png,55
img_0158.png,114
img_0159.png,122
img_0160.png,74
img_0161.png,52
img_0162.png,44
img_0163.png,78
img_0164.png,78
img_0165.png,4
img_0166.png,100
img_0167.png,72
img_0168.png,55
img_0169.png,85
img_0170.png,28
img_0171.png,101
img_0172.png,42
img_0173.png,116
img_0174.png,96
img_0175.png,59
img_0176.png,36
img_0177.png,90
img_0178.png,57
img_0179.png,47
img_0180.png,63
img_0181.png,85
img_0182.png,30
img_0183.png,102
img_0184.png,88
img_0185.png,12
img_0186.png,24
img_0187.png,84
img_0188.png,80
img_0189.png,71
img_0190.png,62
img_0191.png,48
img_0192.png,39
img_0193.png,102
img_0194.png,52
img_0195.png,105
img_0196.png,95
img_0197.png,86
img_0198.png,13
img_0199.png,108
img_0200.png,7
img_0201.png,89
img_0202.png,118
img_0203.png,87
img_0204.png,76
img_0205.png,12
img_0206.png,3
img_0207.png,80
img_0208.png,103
img_0209.png,9
img_0210.png,0
img_0211.png,86
img_0212.png,108
img_0213.png,61
img_0214.png,123
img_0215.png,61
img_0216.png,47
img_0217.png,67
img_0218.png,109
img_0219.png,56
img_0220.png,31
img_0221.png,71
img_0222.png,37
img_0223.png,120
img_0224.png,4
img_0225.png,91
img_0226.png,8
img_0227.png,50
img_0228.png,120
img_0229.png,84
img_0230.png,47
img_0231.png,43
img_0232.png,60
img_0233.png,22
img_0234.png,10
img_0235.png,14
img_0236.png,9
img_0237.png,14
img_0238.png,5
img_0239.png,87
img_0240.png,63
img_0241.png,18
img_0242.png,86
img_0243.png,24
img_0244.png,105
img_0245.png,70
img_0246.png,23
img_0247.png,90
img_0248.png,45
img_0249.png,35
img_0250.png,56
img_0251.png,8
img_0252.png,79
img_0253.png,11
img_0254.png,21
img_0255.png,18
img_0256.png,121
img_0257.png,124
img_0258.png,101
img_0259.png,84
img_0260.png,119
img_0261.png,67
img_0262.png,88
img_0263.png,72
img_0264.png,47
img_0265.png,49
img_0266.png,18
img_0267.png,56
img_0268.png,110
img_0269.png,50
img_0270.png,64
img_0271.png,99
img_0272.png,52
img_0273.png,73
img_0274.png,34
img_0275.png,19
img_0276.png,14
img_0277.png,61
img_0278.png,10
img_0279.png,36
img_0280.png,23
img_0281.png,15
img_0282.png,3
img_0283.png,19
img_0284.png,61
img_0285.png,97
img_0286.png,11
img_0287.png,40
img_0288.png,113
img_0289.png,35
img_0290.png,9
img_0291.png,74
img_0292.png,121
img_0293.png,24
img_0294.png,81
img_0295.png,70
img_0296.png,28
img_0297.png,49
img_0298.png,16
img_0299.png,9
img_0300.png,87
img_0301.png,46
img_0302.png,76
img_0303.png,110
img_0304.png,7
img_0305.png,119
img_0306.png,11
img_0307.png,6
img_0308.png,22
img_0309.png,10
img_0310.png,118
img_0311.png,17
img_0312.png,23
img_0313.png,41
img_0314.png,94
img_0315.png,119
img_0316.png,114
img_0317.png,122
img_0318.png,95
img_0319.png,45
img_0320.png,50
img_0321.png,124
img_0322.png,37
img_0323.png,48
img_0324.png,20
img_0325.png,20
img_0326.png,36
img_0327.png,28
img_0328.png,33
img_0329.png,48
img_0330.png,38
img_0331.png,92
img_0332.png,114
img_0333.png,66
img_0334.png,15
img_0335.png,29
img_0336.png,89
img_0337.png,35
img_0338.png,105
img_0339.png,35
img_0340.png,119
img_0341.png,120
img_0342.png,71
img_0343.png,52
img_0344.png,3
img_0345.png,71
img_0346.png,36
img_0347.png,69
img_0348.png,71
img_0349.png,24
img_0350.png,85
img_0351.png,90
img_0352.png,94
img_0353.png,23
img_0354.png,117
img_0355.png,14
img_0356.png,38
img_0357.png,47
img_0358.png,83
img_0359.png,30
img_0360.png,45
img_0361.png,18
img_0362.png,2
img_0363.png,66
img_0364.png,52
img_0365.png,94
img_0366.png,86
img_0367.png,53
img_0368.png,105
img_0369.png,86
img_0370.png,23
img_0371.png,120
img_0372.png,85
img_0373.png,65
img_0374.png,119
img_0375.png,48
img_0376.png,87
img_0377.png,103
img_0378.png,41
img_0379.png,93
img_0380.png,57
img_0381.png,111
img_0382.png,87
img_0383.png,13
img_0384.png,43
img_0385.png,92
img_0386.png,49
img_0387.png,0
img_0388.png,64
img_0389.png,78
img_0390.png,3
img_0391.png,92
img_0392.png,38
img_0393.png,33
img_0394.png,92
img_0395.png,87
img_0396.png,40
img_0397.png,78
img_0398.png,76
img_0399.png,26
img_0400.png,104
img_0401.png,78
img_0402.png,38
img_0403.png,86
img_0404.png,8
img_0405.png,117
img_0406.png,23
img_0407.png,121
img_0408.png,87
img_0409.png,110
img_0410.png,115
img_0411.png,58
img_0412.png,58
img_0413.png,82
img_0414.png,78
img_0415.png,8
img_0416.png,124
img_0417.png,59
img_0418.png,83
img_0419.png,23
img_0420.png,50
img_0421.png,98
img_0422.png,39
img_0423.png,120
img_0424.png,79
img_0425.png,66
img_0426.png,19
img_0427.png,113
img_0428.png,101
img_0429.png,86
img_0430.png,17
img_0431.png,118
img_0432.png,43
img_0433.png,26
img_0434.png,85
img_0435.png,5
img_0436.png,101
img_0437.png,40
img_0438.png,45
img_0439.png,22
img_0440.png,97
img_0441.png,10
img_0442.png,95
img_0443.png,96
img_0444.png,78
img_0445.png,83
img_0446.png,9
img_0447.png,94
img_0448.png,61
img_0449.png,96
img_0450.png,19
img_0451.png,31
img_0452.png,36
img_0453.png,87
img_0454.png,37
img_0455.png,43
img_0456.png,52
img_0457.png,31
img_0458.png,13
img_0459.png,111
img_0460.png,98
img_0461.png,19
img_0462.png,86
img_0463.png,52
img_0464.png,114
img_0465.png,44
img_0466.png,39
img_0467.png,30
img_0468.png,43
img_0469.png,27
img_0470.png,53
img_0471.png,59
img_0472.png,66
img_0473.png,41
img_0474.png,74
img_0475.png,41
img_0476.png,17
img_0477.png,48
img_0478.png,7
img_0479.png,21
img_0480.png,55
img_0481.png,52
img_0482.png,60
img_0483.png,70
img_0484.png,14
img_0485.png,113
img_0486.png,53
img_0487.png,56
img_0488.png,57
img_0489.png,12
img_0490.png,36
img_0491.png,40
img_0492.png,66
img_0493.png,21
img_0494.png,11
img_0495.png,69
img_0496.png,50
img_0497.png,41
img_0498.png,17
img_0499.png,98
img_0500.png,16
img_0501.png,52
img_0502.png,22
img_0503.png,92
img_0504.png,11
img_0505.png,109
img_0506.png,105
img_0507.png,9
img_0508.png,110
img_0509.png,32
img_0510.png,69
img_0511.png,88
img_0512.png,41
img_0513.png,30
img_0514.png,62
img_0515.png,84
img_0516.png,38
img_0517.png,86
img_0518.png,101
img_0519.png,60
img_0520.png,106
img_0521.png,40
img_0522.png,38
img_0523.png,86
img_0524.png,45
img_0525.png,3
img_0526.png,13
img_0527.png,119
img_0528.png,47
img_0529.png,90
img_0530.png,47
img_0531.png,54
img_0532.png,103
img_0533.png,29
img_0534.png,3
img_0535.png,88
img_0536.png,36
img_0537.png,72
img_0538.png,66
img_0539.png,88
img_0540.png,31
img_0541.png,23
img_0542.png,114
img_0543.png,84
img_0544.png,66
img_0545.png,87
img_0546.png,64
img_0547.png,72
img_0548.png,36
img_0549.png,40
img_0550.png,56
img_0551.png,61
img_0552.png,118
img_0553.png,59
img_0554.png,106
img_0555.png,119
img_0556.png,116
img_0557.png,79
img_0558.png,43
img_0559.png,4
img_0560.png,31
img_0561.png,41
img_0562.png,20
img_0563.png,51
img_0564.png,45
img_0565.png,124
img_0566.png,36
img_0567.png,55
img_0568.png,122
img_0569.png,43
img_0570.png,62
img_0571.png,79
img_0572.png,26
img_0573.png,40
img_0574.png,9
img_0575.png,90
img_0576.png,96
img_0577.png,111
img_0578.png,26
img_0579.png,99
img_0580.png,40
img_0581.png,112
img_0582.png,121
img_0583.png,71
img_0584.png,41
img_0585.png,55
img_0586.png,27
img_0587.png,93
img_0588.png,28
img_0589.png,54
img_0590.png,38
img_0591.png,40
img_0592.png,87
img_0593.png,30
img_0594.png,13
img_0595.png,52
img_0596.png,41
img_0597.png,59
img_0598.png,114
img_0599.png,19
img_0600.png,74
img_0601.png,54
img_0602.png,19
img_0603.png,31
img_0604.png,47
img_0605.png,15
img_0606.png,63
img_0607.png,90
img_0608.png,67
img_0609.png,103
img_0610.png,8
img_0611.png,82
img_0612.png,47
img_0613.png,72
img_0614.png,17
img_0615.png,113
img_0616.png,95
img_0617.png,13
img_0618.png,50
img_0619.png,11
img_0620.png,76
img_0621.png,69
img_0622.png,59
img_0623.png,53
img_0624.png,43
img_0625.png,21
img_0626.png,60
img_0627.png,116
img_0628.png,40
img_0629.png,26
img_0630.png,24
img_0631.png,26
img_0632.png,108
img_0633.png,64
img_0634.png,84
img_0635.png,122
img_0636.png,42
img_0637.png,78
img_0638.png,101
img_0639.png,51
img_0640.png,64
img_0641.png,67
img_0642.png,96
img_0643.png,13
img_0644.png,13
img_0645.png,31
img_0646.png,117
img_0647.png,77
img_0648.png,110
img_0649.png,20
img_0650.png,13
img_0651.png,72
img_0652.png,83
img_0653.png,78
img_0654.png,43
img_0655.png,17
img_0656.png,3
img_0657.png,81
img_0658.png,58
img_0659.png,93
img_0660.png,49
img_0661.png,108
img_0662.png,92
img_0663.png,101
img_0664.png,97
img_0665.png,121
img_0666.png,116
img_0667.png,101
img_0668.png,104
img_0669.png,115
img_0670.png,88
img_0671.png,96
img_0672.png,102
img_0673.png,110
img_0674.png,56
img_0675.png,111
img_0676.png,26
img_0677.png,104
img_0678.png,30
img_0679.png,17
img_0680.png,118
img_0681.png,8
img_0682.png,5
img_0683.png,99
img_0684.png,21
img_0685.png,105
img_0686.png,120
img_0687.png,45
img_0688.png,12
img_0689.png,20
img_0690.png,100
img_0691.png,95
img_0692.png,95
img_0693.png,81
img_0694.png,47
img_0695.png,123
img_0696.png,88
img_0697.png,98
img_0698.png,43
img_0699.png,88
img_0700.png,11
img_0701.png,56
img_0702.png,99
img_0703.png,52
img_0704.png,30
img_0705.png,66
img_0706.png,101
img_0707.png,69
img_0708.png,66
img_0709.png,24
img_0710.png,69
img_0711.png,101
img_0712.png,20
img_0713.png,52
img_0714.png,94
img_0715.png,29
img_0716.png,72
img_0717.png,18
img_0718.png,73
img_0719.png,52
img_0720.png,120
img_0721.png,111
img_0722.png,78
img_0723.png,40
img_0724.png,58
img_0725.png,14
img_0726.png,49
img_0727.png,72
img_0728.png,59
img_0729.png,123
img_0730.png,124
img_0731.png,9
img_0732.png,8
img_0733.png,94
img_0734.png,108
img_0735.png,111
img_0736.png,113
img_0737.png,97
img_0738.png,101
img_0739.png,41
img_0740.png,77
img_0741.png,106
img_0742.png,87
img_0743.png,72
img_0744.png,41
img_0745.png,35
img_0746.png,54
img_0747.png,124
img_0748.png,43
img_0749.png,50
img_0750.png,124
img_0751.png,92
img_0752.png,118
img_0753.png,74
img_0754.png,73
img_0755.png,79
img_0756.png,120
img_0757.png,98
img_0758.png,103
img_0759.png,30
img_0760.png,34
img_0761.png,35
img_0762.png,27
img_0763.png,114
img_0764.png,27
img_0765.png,51
img_0766.png,78
img_0767.png,22
img_0768.png,114
img_0769.png,84
img_0770.png,27
img_0771.png,84
img_0772.png,13
img_0773.png,115
img_0774.png,24
img_0775.png,118
img_0776.png,22
img_0777.png,75
img_0778.png,7
img_0779.png,63
img_0780.png,75
img_0781.png,25
img_0782.png,118
img_0783.png,100
img_0784.png,101
img_0785.png,114
img_0786.png,81
img_0787.png,47
img_0788.png,33
img_0789.png,54
img_0790.png,61
img_0791.png,3
img_0792.png,93
img_0793.png,0
img_0794.png,13
img_0795.png,73
img_0796.png,76
img_0797.png,99
img_0798.png,59
img_0799.png,117
img_0800.png,69
img_0801.png,59
img_0802.png,67
img_0803.png,88
img_0804.png,10
img_0805.png,67
img_0806.png,0
img_0807.png,64
img_0808.png,17
img_0809.png,2
img_0810.png,119
img_0811.png,34
img_0812.png,107
img_0813.png,13
img_0814.png,47
img_0815.png,24
img_0816.png,17
img_0817.png,82
img_0818.png,101
img_0819.png,49
img_0820.png,92
img_0821.png,74
img_0822.png,86
img_0823.png,18
img_0824.png,52
img_0825.png,2
img_0826.png,24
img_0827.png,86
img_0828.png,121
img_0829.png,66
img_0830.png,89
img_0831.png,95
img_0832.png,13
img_0833.png,41
img_0834.png,12
img_0835.png,74
img_0836.png,42
img_0837.png,97
img_0838.png,87
img_0839.png,69
img_0840.png,64
img_0841.png,117
img_0842.png,111
img_0843.png,60
img_0844.png,20
img_0845.png,40
img_0846.png,32
img_0847.png,34
img_0848.png,52
img_0849.png,97
img_0850.png,121
img_0851.png,100
img_0852.png,10
img_0853.png,17
img_0854.png,74
img_0855.png,58
img_0856.png,102
img_0857.png,58
img_0858.png,5
img_0859.png,49
img_0860.png,2
img_0861.png,124
img_0862.png,78
img_0863.png,108
img_0864.png,45
img_0865.png,54
img_0866.png,7
img_0867.png,20
img_0868.png,76
img_0869.png,18
img_0870.png,91
img_0871.png,52
img_0872.png,103
img_0873.png,1
img_0874.png,84
img_0875.png,21
img_0876.png,120
img_0877.png,102
img_0878.png,109
img_0879.png,43
img_0880.png,67
img_0881.png,13
img_0882.png,100
img_0883.png,88
img_0884.png,12
img_0885.png,43
img_0886.png,89
img_0887.png,121
img_0888.png,46
img_0889.png,75
img_0890.png,64
img_0891.png,90
img_0892.png,100
img_0893.png,62
img_0894.png,115
img_0895.png,63
img_0896.png,78
img_0897.png,57
img_0898.png,63
img_0899.png,22
img_0900.png,43
img_0901.png,14
img_0902.png,61
img_0903.png,28
img_0904.png,32
img_0905.png,17
img_0906.png,118
img_0907.png,102
img_0908.png,30
img_0909.png,29
img_0910.png,28
img_0911.png,32
img_0912.png,55
img_0913.png,29
img_0914.png,107
img_0915.png,117
img_0916.png,109
img_0917.png,44
img_0918.png,105
img_0919.png,93
img_0920.png,53
img_0921.png,8
img_0922.png,34
img_0923.png,95
img_0924.png,93
img_0925.png,98
img_0926.png,50
img_0927.png,84
img_0928.png,31
img_0929.png,77
img_0930.png,110
img_0931.png,12
img_0932.png,87
img_0933.png,17
img_0934.png,47
img_0935.png,12
img_0936.png,94
img_0937.png,36
img_0938.png,52
img_0939.png,112
img_0940.png,41
img_0941.png,96
img_0942.png,5
img_0943.png,48
img_0944.png,73
img_0945.png,114
img_0946.png,64
img_0947.png,52
img_0948.png,60
img_0949.png,76
img_0950.png,94
img_0951.png,96
img_0952.png,75
img_0953.png,37
img_0954.png,60
img_0955.png,37
img_0956.png,6
img_0957.png,18
img_0958.png,56
img_0959.png,84
img_0960.png,22
img_0961.png,26
img_0962.png,93
img_0963.png,13
img_0964.png,3
img_0965.png,3
img_0966.png,14
img_0967.png,24
img_0968.png,18
img_0969.png,87
img_0970.png,5
img_0971.png,11
img_0972.png,90
img_0973.png,103
img_0974.png,101
img_0975.png,39
img_0976.png,35
img_0977.png,69
img_0978.png,83
img_0979.png,65
img_0980.png,4
img_0981.png,55
img_0982.png,76
img_0983.png,109
img_0984.png,64
img_0985.png,40
img_0986.png,0
img_0987.png,61
img_0988.png,101
img_0989.png,70
img_0990.png,112
img_0991.png,49
img_0992.png,65
img_0993.png,58
img_0994.png,3
img_0995.png,18
img_0996.png,47
img_0997.png,124
img_0998.png,99
img_0999.png,52
img_1000.png,54
img_1001.png,12
img_1002.png,86
img_1003.png,1
img_1004.png,109
img_1005.png,119
img_1006.png,107
img_1007.png,0
img_1008.png,117
img_1009.png,123
img_1010.png,40
img_1011.png,90
img_1012.png,6
img_1013.png,67
img_1014.png,21
img_1015.png,46
img_1016.png,65
img_1017.png,111
img_1018.png,39
img_1019.png,122
img_1020.png,61
img_1021.png,77
img_1022.png,111
img_1023.png,61
img_1024.png,9
img_1025.png,65
img_1026.png,53
img_1027.png,89
img_1028.png,102
img_1029.png,95
img_1030.png,13
img_1031.png,99
img_1032.png,94
img_1033.png,47
img_1034.png,121
img_1035.png,21
img_1036.png,35
img_1037.png,8
img_1038.png,36
img_1039.png,123
img_1040.png,95
img_1041.png,50
img_1042.png,51
img_1043.png,40
img_1044.png,28
img_1045.png,45
img_1046.png,11
img_1047.png,45
img_1048.png,18
img_1049.png,86
img_1050.png,60
img_1051.png,24
img_1052.png,6
img_1053.png,50
img_1054.png,52
img_1055.png,32
img_1056.png,119
img_1057.png,120
img_1058.png,93
img_1059.png,52
img_1060.png,26
img_1061.png,54
img_1062.png,81
img_1063.png,11
img_1064.png,19
img_1065.png,109
img_1066.png,46
img_1067.png,24
img_1068.png,82
img_1069.png,105
img_1070.png,114
img_1071.png,45
img_1072.png,101
img_1073.png,8
img_1074.png,13
img_1075.png,83
img_1076.png,27
img_1077.png,66
img_1078.png,115
img_1079.png,113
img_1080.png,103
img_1081.png,9
img_1082.png,42
img_1083.png,59
img_1084.png,114
img_1085.png,19
img_1086.png,103
img_1087.png,7
img_1088.png,41
img_1089.png,40
img_1090.png,82
img_1091.png,9
img_1092.png,22
img_1093.png,57
img_1094.png,93
img_1095.png,69
img_1096.png,66
img_1097.png,52
img_1098.png,91
img_1099.png,60
img_1100.png,82
img_1101.png,123
img_1102.png,112
img_1103.png,37
img_1104.png,87
img_1105.png,41
img_1106.png,77
img_1107.png,52
img_1108.png,73
img_1109.png,1
img_1110.png,51
img_1111.png,100
img_1112.png,54
img_1113.png,59
img_1114.png,87
img_1115.png,76
img_1116.png,76
img_1117.png,114
img_1118.png,92
img_1119.png,48
img_1120.png,99
img_1121.png,86
img_1122.png,38
img_1123.png,5
img_1124.png,27
img_1125.png,45
img_1126.png,78
img_1127.png,74
img_1128.png,40
img_1129.png,34
img_1130.png,45
img_1131.png,54
img_1132.png,72
img_1133.png,52
img_1134.png,82
img_1135.png,69
img_1136.png,100
img_1137.png,25
img_1138.png,81
img_1139.png,113
img_1140.png,77
img_1141.png,38
img_1142.png,73
img_1143.png,46
img_1144.png,45
img_1145.png,105
img_1146.png,37
img_1147.png,98
img_1148.png,98
img_1149.png,40
img_1150.png,26
img_1151.png,61
img_1152.png,36
img_1153.png,95
img_1154.png,80
img_1155.png,40
img_1156.png,84
img_1157.png,109
img_1158.png,22
img_1159.png,82
img_1160.png,95
img_1161.png,47
img_1162.png,26
img_1163.png,32
img_1164.png,24
img_1165.png,9
img_1166.png,92
img_1167.png,1
img_1168.png,18
img_1169.png,20
img_1170.png,84
img_1171.png,19
img_1172.png,110
img_1173.png,2
img_1174.png,79
img_1175.png,5
img_1176.png,83
img_1177.png,12
img_1178.png,93
img_1179.png,54
img_1180.png,83
img_1181.png,35
img_1182.png,105
img_1183.png,10
img_1184.png,29
img_1185.png,115
img_1186.png,96
img_1187.png,78
img_1188.png,91
img_1189.png,124
img_1190.png,75
img_1191.png,100
img_1192.png,56
img_1193.png,117
img_1194.png,52
img_1195.png,103
img_1196.png,34
img_1197.png,73
img_1198.png,53
img_1199.png,52
img_1200.png,106
img_1201.png,91
img_1202.png,49
img_1203.png,55
img_1204.png,85
img_1205.png,47
img_1206.png,111
img_1207.png,29
img_1208.png,84
img_1209.png,1
img_1210.png,108
img_1211.png,65
img_1212.png,24
img_1213.png,25
img_1214.png,24
img_1215.png,41
img_1216.png,115
img_1217.png,115
img_1218.png,66
img_1219.png,61
img_1220.png,67
img_1221.png,14
img_1222.png,15
img_1223.png,38
img_1224.png,14
img_1225.png,11
img_1226.png,16
img_1227.png,48
img_1228.png,35
img_1229.png,11
img_1230.png,20
img_1231.png,50
img_1232.png,63
img_1233.png,119
img_1234.png,20
img_1235.png,32
img_1236.png,101
img_1237.png,29
img_1238.png,118
img_1239.png,17
img_1240.png,78
img_1241.png,51
img_1242.png,28
img_1243.png,76
img_1244.png,61
img_1245.png,36
img_1246.png,23
img_1247.png,117
img_1248.png,66
img_1249.png,50
img_1250.png,113
img_1251.png,4
img_1252.png,94
img_1253.png,4
img_1254.png,43
img_1255.png,7
img_1256.png,13
img_1257.png,36
img_1258.png,58
img_1259.png,57
img_1260.png,122
img_1261.png,109
img_1262.png,60
img_1263.png,15
img_1264.png,65
img_1265.png,120
img_1266.png,66
img_1267.png,7
img_1268.png,75
img_1269.png,40
img_1270.png,62
img_1271.png,79
img_1272.png,115
img_1273.png,57
img_1274.png,44
img_1275.png,87
img_1276.png,41
img_1277.png,123
img_1278.png,88
img_1279.png,19
img_1280.png,122
img_1281.png,57
img_1282.png,25
img_1283.png,104
img_1284.png,18
img_1285.png,12
img_1286.png,108
img_1287.png,8
img_1288.png,4
img_1289.png,53
img_1290.png,33
img_1291.png,10
img_1292.png,54
img_1293.png,72
img_1294.png,94
img_1295.png,105
img_1296.png,70
img_1297.png,70
img_1298.png,34
img_1299.png,49
img_1300.png,26
img_1301.png,62
img_1302.png,8
img_1303.png,6
img_1304.png,59
img_1305.png,67
img_1306.png,118
img_1307.png,33
img_1308.png,41
img_1309.png,120
img_1310.png,40
img_1311.png,31
img_1312.png,60
img_1313.png,96
img_1314.png,60
img_1315.png,19
img_1316.png,2
img_1317.png,60
img_1318.png,63
img_1319.png,77
img_1320.png,5
img_1321.png,22
img_1322.png,5
img_1323.png,1
img_1324.png,115
img_1325.png,64
img_1326.png,102
img_1327.png,84
img_1328.png,83
img_1329.png,45
img_1330.png,121
img_1331.png,104
img_1332.png,109
img_1333.png,48
img_1334.png,68
img_1335.png,120
img_1336.png,102
img_1337.png,51
img_1338.png,13
img_1339.png,67
img_1340.png,108
img_1341.png,94
img_1342.png,66
img_1343.png,124
img_1344.png,7
img_1345.png,19
img_1346.png,99
img_1347.png,101
img_1348.png,66
img_1349.png,60
img_1350.png,38
img_1351.png,81
img_1352.png,60
img_1353.png,106
img_1354.png,14
img_1355.png,95
img_1356.png,109
img_1357.png,66
img_1358.png,39
img_1359.png,82
img_1360.png,86
img_1361.png,34
img_1362.png,76
img_1363.png,71
img_1364.png,60
img_1365.png,23
img_1366.png,103
img_1367.png,23
img_1368.png,70
img_1369.png,83
img_1370.png,116
img_1371.png,61
img_1372.png,43
img_1373.png,40
img_1374.png,31
img_1375.png,22
img_1376.png,38
img_1377.png,47
img_1378.png,122
img_1379.png,15
img_1380.png,107
img_1381.png,22
img_1382.png,107
img_1383.png,7
img_1384.png,47
img_1385.png,93
img_1386.png,55
img_1387.png,45
img_1388.png,46
img_1389.png,63
img_1390.png,121
img_1391.png,15
img_1392.png,75
img_1393.png,49
img_1394.png,27
img_1395.png,74
img_1396.png,100
img_1397.png,52
img_1398.png,83
img_1399.png,18
img_1400.png,105
img_1401.png,106
img_1402.png,40
img_1403.png,106
img_1404.png,12
img_1405.png,101
img_1406.png,101
img_1407.png,36
img_1408.png,31
img_1409.png,34
img_1410.png,41
img_1411.png,33
img_1412.png,95
img_1413.png,87
img_1414.png,102
img_1415.png,99
img_1416.png,84
img_1417.png,112
img_1418.png,43
img_1419.png,49
img_1420.png,97
img_1421.png,73
img_1422.png,65
img_1423.png,98
img_1424.png,27
img_1425.png,98
img_1426.png,53
img_1427.png,54
img_1428.png,6
img_1429.png,50
img_1430.png,46
img_1431.png,27
img_1432.png,93
img_1433.png,46
img_1434.png,40
img_1435.png,100
img_1436.png,45
img_1437.png,30
img_1438.png,110
img_1439.png,101
img_1440.png,47
img_1441.png,78
img_1442.png,46
img_1443.png,97
img_1444.png,32
img_1445.png,109
img_1446.png,45
img_1447.png,70
img_1448.png,93
img_1449.png,110
img_1450.png,21
img_1451.png,113
img_1452.png,86
img_1453.png,90
img_1454.png,40
img_1455.png,80
img_1456.png,89
img_1457.png,64
img_1458.png,80
img_1459.png,22
img_1460.png,91
img_1461.png,78
img_1462.png,14
img_1463.png,118
img_1464.png,39
img_1465.png,32
img_1466.png,101
img_1467.png,51
img_1468.png,20
img_1469.png,100
img_1470.png,6
img_1471.png,0
img_1472.png,82
img_1473.png,20
img_1474.png,43
img_1475.png,5
img_1476.png,67
img_1477.png,99
img_1478.png,105
img_1479.png,56
img_1480.png,84
img_1481.png,47
img_1482.png,65
img_1483.png,76
img_1484.png,115
img_1485.png,74
img_1486.png,117
img_1487.png,51
img_1488.png,99
img_1489.png,36
img_1490.png,5
img_1491.png,122
img_1492.png,35
img_1493.png,26
img_1494.png,71
img_1495.png,53
img_1496.png,15
img_1497.png,69
img_1498.png,73
img_1499.png,80
img_1500.png,87
img_1501.png,69
img_1502.png,113
img_1503.png,9
img_1504.png,42
img_1505.png,107
img_1506.png,55
img_1507.png,84
img_1508.png,66
img_1509.png,47
img_1510.png,41
img_1511.png,1
img_1512.png,124
img_1513.png,9
img_1514.png,9
img_1515.png,64
img_1516.png,75
img_1517.png,64
img_1518.png,42
img_1519.png,119
img_1520.png,50
img_1521.png,7
img_1522.png,111
img_1523.png,34
img_1524.png,6
img_1525.png,90
img_1526.png,101
img_1527.png,9
img_1528.png,118
img_1529.png,106
img_1530.png,80
img_1531.png,70
img_1532.png,15
img_1533.png,36
img_1534.png,4
img_1535.png,99
img_1536.png,2
img_1537.png,69
img_1538.png,119
img_1539.png,90
img_1540.png,51
img_1541.png,23
img_1542.png,0
img_1543.png,5
img_1544.png,2
img_1545.png,84
img_1546.png,31
img_1547.png,75
img_1548.png,26
img_1549.png,61
img_1550.png,93
img_1551.png,49
img_1552.png,26
img_1553.png,83
img_1554.png,42
img_1555.png,32
img_1556.png,87
img_1557.png,40
img_1558.png,41
img_1559.png,2
img_1560.png,30
img_1561.png,39
img_1562.png,82
img_1563.png,115
img_1564.png,52
img_1565.png,100
img_1566.png,25
img_1567.png,51
img_1568.png,106
img_1569.png,120
img_1570.png,26
img_1571.png,50
img_1572.png,47
img_1573.png,28
img_1574.png,85
img_1575.png,72
img_1576.png,118
img_1577.png,90
img_1578.png,66
img_1579.png,100
img_1580.png,110
img_1581.png,109
img_1582.png,62
img_1583.png,40
img_1584.png,94
img_1585.png,86
img_1586.png,38
img_1587.png,100
img_1588.png,3
img_1589.png,10
img_1590.png,15
img_1591.png,13
img_1592.png,13
img_1593.png,100
img_1594.png,18
img_1595.png,101
img_1596.png,86
img_1597.png,37
img_1598.png,93
img_1599.png,110
img_1600.png,99
img_1601.png,37
img_1602.png,73
img_1603.png,121
img_1604.png,108
img_1605.png,81
img_1606.png,26
img_1607.png,109
img_1608.png,20
img_1609.png,79
img_1610.png,103
img_1611.png,32
img_1612.png,18
img_1613.png,76
img_1614.png,94
img_1615.png,41
img_1616.png,99
img_1617.png,31
img_1618.png,52
img_1619.png,78
img_1620.png,23
img_1621.png,94
img_1622.png,51
img_1623.png,40
img_1624.png,119
img_1625.png,40
img_1626.png,47
img_1627.png,94
img_1628.png,93
img_1629.png,40
img_1630.png,45
img_1631.png,10
img_1632.png,36
img_1633.png,13
img_1634.png,109
img_1635.png,121
img_1636.png,75
img_1637.png,124
img_1638.png,69
img_1639.png,48
img_1640.png,44
img_1641.png,34
img_1642.png,101
img_1643.png,16
img_1644.png,28
img_1645.png,41
img_1646.png,19
img_1647.png,73
img_1648.png,34
img_1649.png,61
img_1650.png,90
img_1651.png,103
img_1652.png,60
img_1653.png,55
img_1654.png,79
img_1655.png,11
img_1656.png,26
img_1657.png,24
img_1658.png,22
img_1659.png,66
img_1660.png,101
img_1661.png,56
img_1662.png,39
img_1663.png,66
img_1664.png,31
img_1665.png,4
img_1666.png,20
img_1667.png,38
img_1668.png,49
img_1669.png,110
img_1670.png,60
img_1671.png,78
img_1672.png,70
img_1673.png,80
img_1674.png,2
img_1675.png,1
img_1676.png,13
img_1677.png,84
img_1678.png,40
img_1679.png,23
img_1680.png,96
img_1681.png,99
img_1682.png,34
img_1683.png,12
img_1684.png,61
img_1685.png,43
img_1686.png,57
img_1687.png,110
img_1688.png,9
img_1689.png,15
img_1690.png,101
img_1691.png,116
img_1692.png,18
img_1693.png,95
img_1694.png,76
img_1695.png,47
img_1696.png,14
img_1697.png,113
img_1698.png,24
img_1699.png,22
img_1700.png,108
img_1701.png,30
img_1702.png,63
img_1703.png,43
img_1704.png,20
img_1705.png,37
img_1706.png,14
img_1707.png,121
img_1708.png,120
img_1709.png,19
img_1710.png,120
img_1711.png,53
img_1712.png,95
img_1713.png,113
img_1714.png,2
img_1715.png,100
img_1716.png,113
img_1717.png,43
img_1718.png,96
img_1719.png,60
img_1720.png,33
img_1721.png,50
img_1722.png,46
img_1723.png,122
img_1724.png,94
img_1725.png,61
img_1726.png,19
img_1727.png,39
img_1728.png,8
img_1729.png,100
img_1730.png,91
img_1731.png,105
img_1732.png,122
img_1733.png,100
img_1734.png,106
img_1735.png,31
img_1736.png,35
img_1737.png,4
img_1738.png,88
img_1739.png,68
img_1740.png,63
img_1741.png,104
img_1742.png,20
img_1743.png,45
img_1744.png,89
img_1745.png,110
img_1746.png,82
img_1747.png,85
img_1748.png,113
img_1749.png,30
img_1750.png,18
img_1751.png,55
img_1752.png,108
img_1753.png,85
img_1754.png,13
img_1755.png,41
img_1756.png,60
img_1757.png,72
img_1758.png,35
img_1759.png,105
img_1760.png,90
img_1761.png,117
img_1762.png,48
img_1763.png,52
img_1764.png,119
img_1765.png,116
img_1766.png,66
img_1767.png,60
img_1768.png,120
img_1769.png,46
img_1770.png,96
img_1771.png,31
img_1772.png,63
img_1773.png,75
img_1774.png,10
img_1775.png,23
img_1776.png,11
img_1777.png,4
img_1778.png,93
img_1779.png,62
img_1780.png,71
img_1781.png,55
img_1782.png,15
img_1783.png,13
img_1784.png,92
img_1785.png,35
img_1786.png,20
img_1787.png,83
img_1788.png,8
img_1789.png,11
img_1790.png,40
img_1791.png,41
img_1792.png,18
img_1793.png,114
img_1794.png,101
img_1795.png,80
img_1796.png,34
img_1797.png,88
img_1798.png,28
img_1799.png,94
img_1800.png,16
img_1801.png,34
img_1802.png,18
img_1803.png,70
img_1804.png,70
img_1805.png,66
img_1806.png,32
img_1807.png,28
img_1808.png,80
img_1809.png,67
img_1810.png,24
img_1811.png,113
img_1812.png,86
img_1813.png,101
img_1814.png,40
img_1815.png,118
img_1816.png,30
img_1817.png,36
img_1818.png,38
img_1819.png,113
img_1820.png,36
img_1821.png,41
img_1822.png,86
img_1823.png,55
img_1824.png,40
img_1825.png,116
img_1826.png,16
img_1827.png,85
img_1828.png,60
img_1829.png,118
img_1830.png,7
img_1831.png,96
img_1832.png,6
img_1833.png,107
img_1834.png,37
img_1835.png,44
img_1836.png,49
img_1837.png,49
img_1838.png,64
img_1839.png,80
img_1840.png,36
img_1841.png,79
img_1842.png,60
img_1843.png,38
img_1844.png,74
img_1845.png,37
img_1846.png,103
img_1847.png,18
img_1848.png,122
img_1849.png,50
img_1850.png,40
img_1851.png,100
img_1852.png,56
img_1853.png,87
img_1854.png,123
img_1855.png,49
img_1856.png,63
img_1857.png,60
img_1858.png,64
img_1859.png,89
img_1860.png,25
img_1861.png,14
img_1862.png,101
img_1863.png,77
img_1864.png,17
img_1865.png,64
img_1866.png,32
img_1867.png,116
img_1868.png,74
img_1869.png,103
img_1870.png,26
img_1871.png,70
img_1872.png,34
img_1873.png,32
img_1874.png,49
img_1875.png,105
img_1876.png,76
img_1877.png,95
img_1878.png,49
img_1879.png,5
img_1880.png,52
img_1881.png,22
img_1882.png,105
img_1883.png,3
img_1884.png,22
img_1885.png,114
img_1886.png,116
img_1887.png,72
img_1888.png,110
img_1889.png,75
img_1890.png,94
img_1891.png,53
img_1892.png,43
img_1893.png,52
img_1894.png,89
img_1895.png,91
img_1896.png,106
img_1897.png,30
img_1898.png,101
img_1899.png,110
img_1900.png,61
img_1901.png,80
img_1902.png,66
img_1903.png,90
img_1904.png,115
img_1905.png,59
img_1906.png,15
img_1907.png,79
img_1908.png,69
img_1909.png,21
img_1910.png,55
img_1911.png,101
img_1912.png,43
img_1913.png,24
img_1914.png,69
img_1915.png,52
img_1916.png,40
img_1917.png,74
img_1918.png,28
img_1919.png,61
img_1920.png,71
img_1921.png,91
img_1922.png,80
img_1923.png,69
img_1924.png,86
img_1925.png,86
img_1926.png,120
img_1927.png,111
img_1928.png,37
img_1929.png,26
img_1930.png,15
img_1931.png,95
img_1932.png,121
img_1933.png,10
img_1934.png,119
img_1935.png,69
img_1936.png,65
img_1937.png,37
img_1938.png,29
img_1939.png,65
img_1940.png,56
img_1941.png,53
img_1942.png,54
img_1943.png,70
img_1944.png,76
img_1945.png,108
img_1946.png,72
img_1947.png,93
img_1948.png,58
img_1949.png,103
img_1950.png,60
img_1951.png,79
img_1952.png,28
img_1953.png,99
img_1954.png,117
img_1955.png,106
img_1956.png,70
img_1957.png,114
img_1958.png,20
img_1959.png,54
img_1960.png,40
img_1961.png,50
img_1962.png,98
img_1963.png,24
img_1964.png,50
img_1965.png,113
img_1966.png,18
img_1967.png,4
img_1968.png,50
img_1969.png,95
img_1970.png,27
img_1971.png,3
img_1972.png,56
img_1973.png,50
img_1974.png,66
img_1975.png,123
img_1976.png,97
img_1977.png,59
img_1978.png,100
img_1979.png,83
img_1980.png,40
img_1981.png,12
img_1982.png,7
img_1983.png,109
img_1984.png,78
img_1985.png,3
img_1986.png,61
img_1987.png,109
img_1988.png,109
img_1989.png,83
img_1990.png,121
img_1991.png,71
img_1992.png,97
img_1993.png,122
img_1994.png,8
img_1995.png,52
img_1996.png,66
img_1997.png,103
img_1998.png,30
img_1999.png,88
img_2000.png,81
img_2001.png,7
img_2002.png,94
img_2003.png,88
img_2004.png,1
img_2005.png,53
img_2006.png,9
img_2007.png,65
img_2008.png,92
img_2009.png,46
img_2010.png,103
img_2011.png,61
img_2012.png,93
img_2013.png,67
img_2014.png,47
img_2015.png,49
img_2016.png,85
img_2017.png,7
img_2018.png,119
img_2019.png,40
img_2020.png,52
img_2021.png,96
img_2022.png,49
img_2023.png,49
img_2024.png,22
img_2025.png,23
img_2026.png,23
img_2027.png,117
img_2028.png,114
img_2029.png,24
img_2030.png,89
img_2031.png,30
img_2032.png,115
img_2033.png,91
img_2034.png,41
img_2035.png,41
img_2036.png,113
img_2037.png,101
img_2038.png,91
img_2039.png,31
img_2040.png,77
img_2041.png,43
img_2042.png,16
img_2043.png,86
img_2044.png,62
img_2045.png,15
img_2046.png,118
img_2047.png,106
img_2048.png,45
img_2049.png,4
img_2050.png,7
img_2051.png,17
img_2052.png,31
img_2053.png,3
img_2054.png,24
img_2055.png,52
img_2056.png,36
img_2057.png,41
img_2058.png,56
img_2059.png,120
img_2060.png,41
img_2061.png,66
img_2062.png,19
img_2063.png,29
img_2064.png,91
img_2065.png,62
img_2066.png,117
img_2067.png,19
img_2068.png,115
img_2069.png,90
img_2070.png,3
img_2071.png,21
img_2072.png,61
img_2073.png,92
img_2074.png,5
img_2075.png,61
img_2076.png,66
img_2077.png,50
img_2078.png,9
img_2079.png,41
img_2080.png,113
img_2081.png,123
img_2082.png,109
img_2083.png,2
img_2084.png,13
img_2085.png,49
img_2086.png,53
img_2087.png,78
img_2088.png,24
img_2089.png,119
img_2090.png,123
img_2091.png,40
img_2092.png,110
img_2093.png,46
img_2094.png,4
img_2095.png,53
img_2096.png,111
img_2097.png,27
img_2098.png,30
img_2099.png,30
img_2100.png,87
img_2101.png,15
img_2102.png,28
img_2103.png,70
img_2104.png,40
img_2105.png,82
img_2106.png,30
img_2107.png,27
img_2108.png,93
img_2109.png,121
img_2110.png,78
img_2111.png,107
img_2112.png,62
img_2113.png,40
img_2114.png,22
img_2115.png,70
img_2116.png,94
img_2117.png,110
img_2118.png,52
img_2119.png,21
img_2120.png,14
img_2121.png,84
img_2122.png,58
img_2123.png,56
img_2124.png,101
img_2125.png,88
img_2126.png,17
img_2127.png,100
img_2128.png,124
img_2129.png,109
img_2130.png,124
img_2131.png,38
img_2132.png,29
img_2133.png,40
img_2134.png,78
img_2135.png,40
img_2136.png,93
img_2137.png,6
img_2138.png,35
img_2139.png,29
img_2140.png,31
img_2141.png,99
img_2142.png,88
img_2143.png,5
img_2144.png,61
img_2145.png,64
img_2146.png,94
img_2147.png,25
img_2148.png,40
img_2149.png,43
img_2150.png,100
img_2151.png,101
img_2152.png,86
img_2153.png,103
img_2154.png,86
img_2155.png,5
img_2156.png,24
img_2157.png,18
img_2158.png,113
img_2159.png,72
img_2160.png,24
img_2161.png,40
img_2162.png,29
img_2163.png,34
img_2164.png,47
img_2165.png,47
img_2166.png,52
img_2167.png,30
img_2168.png,52
img_2169.png,32
img_2170.png,49
img_2171.png,65
img_2172.png,28
img_2173.png,106
img_2174.png,35
img_2175.png,55
img_2176.png,64
img_2177.png,40
img_2178.png,17
img_2179.png,37
img_2180.png,42
img_2181.png,88
img_2182.png,83
img_2183.png,54
img_2184.png,117
img_2185.png,88
img_2186.png,104
img_2187.png,91
img_2188.png,56
img_2189.png,20
img_2190.png,37
img_2191.png,84
img_2192.png,7
img_2193.png,84
img_2194.png,121
img_2195.png,74
img_2196.png,122
img_2197.png,108
img_2198.png,69
img_2199.png,13
img_2200.png,35
img_2201.png,40
img_2202.png,96
img_2203.png,124
img_2204.png,119
img_2205.png,106
img_2206.png,47
img_2207.png,93
img_2208.png,120
img_2209.png,75
img_2210.png,19
img_2211.png,24
img_2212.png,56
img_2213.png,1
img_2214.png,52
img_2215.png,49
img_2216.png,17
img_2217.png,75
img_2218.png,18
img_2219.png,95
img_2220.png,111
img_2221.png,14
img_2222.png,59
img_2223.png,0
img_2224.png,49
img_2225.png,71
img_2226.png,78
img_2227.png,31
img_2228.png,48
img_2229.png,9
img_2230.png,61
img_2231.png,68
img_2232.png,47
img_2233.png,3
img_2234.png,48
img_2235.png,14
img_2236.png,47
img_2237.png,12
img_2238.png,10
img_2239.png,73
img_2240.png,9
img_2241.png,34
img_2242.png,4
img_2243.png,115
img_2244.png,17
img_2245.png,106
img_2246.png,18
img_2247.png,84
img_2248.png,59
img_2249.png,71
img_2250.png,16
img_2251.png,41
img_2252.png,75
img_2253.png,111
img_2254.png,22
img_2255.png,81
img_2256.png,104
img_2257.png,86
img_2258.png,21
img_2259.png,67
img_2260.png,29
img_2261.png,106
img_2262.png,30
img_2263.png,12
img_2264.png,22
img_2265.png,45
img_2266.png,44
img_2267.png,113
img_2268.png,93
img_2269.png,13
img_2270.png,93
img_2271.png,96
img_2272.png,118
img_2273.png,112
img_2274.png,71
img_2275.png,30
img_2276.png,42
img_2277.png,104
img_2278.png,61
img_2279.png,60
img_2280.png,80
img_2281.png,32
img_2282.png,74
img_2283.png,69
img_2284.png,16
img_2285.png,99
img_2286.png,107
img_2287.png,89
img_2288.png,15
img_2289.png,90
img_2290.png,64
img_2291.png,41
img_2292.png,23
img_2293.png,118
img_2294.png,61
img_2295.png,95
img_2296.png,28
img_2297.png,121
img_2298.png,15
img_2299.png,113
img_2300.png,54
img_2301.png,27
img_2302.png,49
img_2303.png,31
img_2304.png,96
img_2305.png,75
img_2306.png,1
img_2307.png,61
img_2308.png,10
img_2309.png,12
img_2310.png,52
img_2311.png,45
img_2312.png,31
img_2313.png,27
img_2314.png,56
img_2315.png,13
img_2316.png,104
img_2317.png,109
img_2318.png,62
img_2319.png,110
img_2320.png,55
img_2321.png,43
img_2322.png,103
img_2323.png,80
img_2324.png,74
img_2325.png,123
img_2326.png,56
img_2327.png,15
img_2328.png,82
img_2329.png,90
img_2330.png,1
img_2331.png,97
img_2332.png,30
img_2333.png,9
img_2334.png,108
img_2335.png,31
img_2336.png,11
img_2337.png,41
img_2338.png,78
img_2339.png,94
img_2340.png,7
img_2341.png,122
img_2342.png,52
img_2343.png,112
img_2344.png,32
img_2345.png,65
img_2346.png,52
img_2347.png,32
img_2348.png,120
img_2349.png,100
img_2350.png,99
img_2351.png,97
img_2352.png,100
img_2353.png,67
img_2354.png,43
img_2355.png,69
img_2356.png,112
img_2357.png,111
img_2358.png,61
img_2359.png,63
img_2360.png,8
img_2361.png,58
img_2362.png,36
img_2363.png,22
img_2364.png,110
img_2365.png,93
img_2366.png,15
img_2367.png,121
img_2368.png,50
img_2369.png,101
img_2370.png,115
img_2371.png,93
img_2372.png,1
img_2373.png,5
img_2374.png,20
img_2375.png,124
img_2376.png,115
img_2377.png,8
img_2378.png,8
img_2379.png,87
img_2380.png,42
img_2381.png,34
img_2382.png,17
img_2383.png,82
img_2384.png,14
img_2385.png,49
img_2386.png,36
img_2387.png,78
img_2388.png,61
img_2389.png,10
img_2390.png,65
img_2391.png,14
img_2392.png,83
img_2393.png,34
img_2394.png,60
img_2395.png,78
img_2396.png,116
img_2397.png,20
img_2398.png,115
img_2399.png,27
img_2400.png,78
img_2401.png,41
img_2402.png,74
img_2403.png,10
img_2404.png,67
img_2405.png,37
img_2406.png,116
img_2407.png,47
img_2408.png,9
img_2409.png,108
img_2410.png,101
img_2411.png,37
img_2412.png,50
img_2413.png,46
img_2414.png,5
img_2415.png,19
img_2416.png,55
img_2417.png,20
img_2418.png,19
img_2419.png,26
img_2420.png,52
img_2421.png,101
img_2422.png,91
img_2423.png,106
img_2424.png,60
img_2425.png,96
img_2426.png,41
img_2427.png,60
img_2428.png,54
img_2429.png,103
img_2430.png,124
img_2431.png,0
img_2432.png,61
img_2433.png,42
img_2434.png,19
img_2435.png,120
img_2436.png,70
img_2437.png,101
img_2438.png,9
img_2439.png,57
img_2440.png,48
img_2441.png,33
img_2442.png,108
img_2443.png,8
img_2444.png,8
img_2445.png,64
img_2446.png,12
img_2447.png,52
img_2448.png,63
img_2449.png,52
img_2450.png,47
img_2451.png,48
img_2452.png,5
img_2453.png,44
img_2454.png,49
img_2455.png,40
img_2456.png,93
img_2457.png,110
img_2458.png,9
img_2459.png,57
img_2460.png,12
img_2461.png,17
img_2462.png,67
img_2463.png,78
img_2464.png,117
img_2465.png,2
img_2466.png,99
img_2467.png,89
img_2468.png,65
img_2469.png,83
img_2470.png,15
img_2471.png,111
img_2472.png,58
img_2473.png,111
img_2474.png,122
img_2475.png,121
img_2476.png,86
img_2477.png,6
img_2478.png,101
img_2479.png,60
img_2480.png,52
img_2481.png,115
img_2482.png,122
img_2483.png,93
img_2484.png,10
img_2485.png,119
img_2486.png,66
img_2487.png,60
img_2488.png,82
img_2489.png,32
img_2490.png,18
img_2491.png,19
img_2492.png,87
img_2493.png,8
img_2494.png,24
img_2495.png,22
img_2496.png,111
img_2497.png,22
img_2498.png,97
img_2499.png,52
